"Viy","Saw Ⅵ","0.25"
"Viy","Problem Child 2","0.2727272727272727"
"Viy","The First Power","0.25656565656565655"
"Viy","Long Time Dead","0.292987012987013"
"Viy","Wolfhound","0.26636363636363636"
"Viy","The Darkness","0.2657142857142857"
"Viy","Annabelle","0.26507177033492824"
"Viy","Cirque du Soleil: Worlds Away","0.27545454545454545"
"Viy","King Kong","0.26454545454545453"
"Viy","The Legend of Hercules","0.2628787878787879"
"Viy","Clown","0.2643356643356643"
"Viy","The Magical Brush","0.2597402597402597"
"Viy","Bunshinsaba 3","0.2545454545454546"
"Viy","Lost Souls","0.262020202020202"
"Viy","Don't Be Afraid of the Dark","0.2518181818181818"
"Viy","Oddball","0.2536363636363636"
"Viy","Maleficent","0.2675324675324675"
"Viy","Thirteen Ghosts","0.2534224598930481"
"Viy","Viy","0.5636363636363636"
"Viy","Red Riding Hood","0.2518181818181818"
"Viy","The Witch","0.264331550802139"
"Viy","Devil","0.2616042780748663"
"Viy","The Devil and Max Devlin","0.25034965034965034"
"Viy","Wishmaster","0.25045454545454543"
"Viy","Snow White and the Huntsman","0.2614814814814814"
"Viy","Poltergeist III","0.25034965034965034"
"Viy","Dungeons & Dragons","0.28459893048128343"
"Viy","The Possession","0.2692561983471074"
"Viy","The Return","0.28363636363636363"
"Viy","The Mississippi Gambler","0.2545454545454545"
"Viy","The Dark Crystal","0.25289256198347104"
"Viy","The Unborn","0.25757575757575757"
"Viy","Flight 7500","0.2590909090909091"
"Viy","The Woman in Black: Angel of Death","0.26666666666666666"
"Viy","The Lords of Salem","0.2527272727272727"
"Viy","The Remaining","0.2767676767676768"
"Viy","Victor Frankenstein","0.2536363636363636"
"Viy","Lost River","0.2545454545454545"
"Viy","The Quiet Ones","0.2805194805194805"
