"Victor","Hey Good Looking !","0.25181818181818183"
"Victor","Victor","0.5454545454545454"
"Victor","The Car Keys","0.29454545454545455"
