"Sector 7","Shadowless Sword","0.2627272727272727"
"Sector 7","Sector 7","0.8181818181818182"
"Sector 7","Dancing Queen","0.26575757575757575"
"Sector 7","Snowpiercer","0.2609269162210338"
"Sector 7","2009: Lost Memories","0.2663279857397504"
