"Blood Oath","Dear Claudia","0.2645454545454546"
"Blood Oath","Risk","0.27181818181818185"
"Blood Oath","Blood Oath","0.5818181818181818"
