"Ugetsu","Odd Obsession","0.2542857142857143"
"Ugetsu","Seven Samurai","0.3225252525252525"
"Ugetsu","Ugetsu","0.7818181818181819"
"Ugetsu","Jigokumon","0.3718614718614719"
