"Luther","The Hills Have Eyes","0.27779220779220776"
"Luther","Six Shooter","0.25033057851239665"
"Luther","Luther","0.7636363636363637"
