"Monsterz","Tokyo Slaves","0.2545454545454545"
"Monsterz","The Complex","0.42333333333333334"
"Monsterz","Mushishi","0.2513131313131313"
"Monsterz","Midnight Hair","0.2545454545454545"
"Monsterz","Ring","0.42181818181818187"
"Monsterz","Arrietty","0.25696969696969696"
"Monsterz","Monsterz","0.6909090909090909"
"Monsterz","Sadako 3D 2","0.26194805194805193"
"Monsterz","Marebito","0.261038961038961"
