"Azumi","Battle Royale II: Requiem","0.27001180637544275"
"Azumi","The Hidden Blade","0.2672727272727273"
"Azumi","Goemon","0.27116883116883117"
"Azumi","Lupin III","0.34090909090909094"
"Azumi","Azumi","0.7272727272727273"
"Azumi","Rurouni Kenshin","0.26454545454545453"
"Azumi","Zatoichi","0.2644628099173554"
"Azumi","Crows Zero","0.29333333333333333"
