"Detroit 9000","Slaughter's Big Rip-Off","0.2606060606060606"
"Detroit 9000","Slaughter","0.28545454545454546"
"Detroit 9000","Detroit 9000","0.7636363636363637"
