"Giant","Casa de los Babys","0.2581818181818182"
"Giant","Talk to Her","0.25727272727272726"
"Giant","Adaptation.","0.2581818181818182"
"Giant","Giant","0.8363636363636364"
