"Simon","Mysterious Skin","0.2772727272727273"
"Simon","Simon","0.6181818181818182"
