"52 Pick-Up","To Live and Die in L.A.","0.2596969696969697"
"52 Pick-Up","Manhunter","0.2739393939393939"
"52 Pick-Up","10 to Midnight","0.3025068870523416"
"52 Pick-Up","Murphy's Law","0.301010101010101"
"52 Pick-Up","The Fourth War","0.2681818181818182"
"52 Pick-Up","The Manchurian Candidate","0.2818181818181818"
"52 Pick-Up","F/X","0.2545454545454545"
"52 Pick-Up","The Holcroft Covenant","0.3283838383838384"
"52 Pick-Up","D-Tox","0.2642424242424242"
"52 Pick-Up","Sorcerer","0.26484848484848483"
"52 Pick-Up","52 Pick-Up","0.7272727272727273"
"52 Pick-Up","Band of the Hand","0.2606060606060606"
"52 Pick-Up","The Driver","0.2715151515151515"
"52 Pick-Up","Criminal Law","0.30727272727272725"
"52 Pick-Up","French Connection II","0.3652066115702479"
"52 Pick-Up","Edison","0.25049586776859506"
"52 Pick-Up","Reindeer Games","0.28192837465564735"
"52 Pick-Up","Blue Velvet","0.29393939393939394"
"52 Pick-Up","Black Sunday","0.2887878787878788"
"52 Pick-Up","Blue Steel","0.27606060606060606"
