"Shine","Surviving Picasso","0.251038961038961"
"Shine","Peaches","0.3072727272727273"
"Shine","Grand Canyon","0.2718181818181818"
"Shine","Tender Mercies","0.28683982683982684"
"Shine","Finding Neverland","0.2521959858323494"
"Shine","The Apostle","0.27878787878787875"
"Shine","Hotel Rwanda","0.25004662004662004"
"Shine","The Best Job in the World","0.27181818181818185"
"Shine","There Will Be Blood","0.25466351829988193"
"Shine","Gandhi","0.25781975600157414"
"Shine","Shine","0.8727272727272728"
"Shine","My Left Foot","0.2682251082251082"
"Shine","The Private Life of Henry VIII","0.2611570247933884"
"Shine","Amadeus","0.3147461629279811"
"Shine","Secrets & Lies","0.27949494949494946"
"Shine","The Boys Are Back","0.3990082644628099"
"Shine","Vera Drake","0.2822144522144522"
"Shine","The Wings of the Dove","0.27272727272727276"
"Shine","On Golden Pond","0.2694805194805195"
"Shine","Ulee's Gold","0.2727272727272727"
"Shine","My Fair Lady","0.2568280204643841"
"Shine","Capote","0.26267217630853995"
"Shine","Smoke","0.2857851239669421"
"Shine","The King's Speech","0.256650924832743"
"Shine","Boys Town","0.2627272727272727"
"Shine","Magnolia","0.2718660287081339"
"Shine","Lantana","0.2672727272727273"
"Shine","Ali","0.25917355371900824"
"Shine","Georgia","0.26484848484848483"
"Shine","In America","0.25440771349862257"
"Shine","A Man for All Seasons","0.2516332152695789"
"Shine","Elizabeth","0.3215466351829988"
"Shine","What's Love Got to Do with It","0.26578512396694215"
