"Krrish","Balyakalasakhi","0.26545454545454544"
"Krrish","Krrish","0.8363636363636364"
