"Chakra","Balyakalasakhi","0.32727272727272727"
"Chakra","Kamla Ki Maut","0.26025974025974025"
"Chakra","Kudrat","0.2545454545454545"
"Chakra","The Illumination","0.25636363636363635"
"Chakra","Umrao Jaan","0.2993506493506493"
"Chakra","Chakra","0.7090909090909091"
"Chakra","Parque via","0.2909090909090909"
