"Otōto","The Little House","0.3090909090909091"
"Otōto","Otōto","0.49090909090909096"
"Otōto","Kabei: Our Mother","0.34363636363636363"
