"Traps","Dust Off the Wings","0.2881818181818182"
"Traps","Dear Claudia","0.2863636363636364"
"Traps","Liquid Bridge","0.26454545454545453"
"Traps","Traps","0.49090909090909096"
"Traps","Life","0.2890909090909091"
"Traps","Occasional Coarse Language","0.2872727272727273"
