"The Rack","Sergeant Ryker","0.2951515151515151"
"The Rack","The Rack","0.7090909090909091"
"The Rack","Attack!","0.2564738292011019"
