"2+2","(Unfinished Song)|Song for Marion","0.2519480519480519"
"2+2","What the Bleep Do We Know!?","0.25506493506493505"
"2+2","Mental","0.2519480519480519"
"2+2","Le Grand Soir","0.2519480519480519"
"2+2","Tie Me Up! Tie Me Down!","0.2623376623376623"
"2+2","Ernest & Celestine","0.2519480519480519"
"2+2","Funny Dirty Little War","0.2519480519480519"
"2+2","Thanks for Sharing","0.2519480519480519"
"2+2","Nothing Like the Holidays","0.2509090909090909"
"2+2","2+2","0.6727272727272728"
"2+2","Camp","0.2723376623376623"
"2+2","The Bounty","0.2519480519480519"
