"Swan Song","As You Like It","0.26909090909090905"
"Swan Song","Henry V","0.27909090909090906"
"Swan Song","Swan Song","0.6363636363636365"
