"Adhurs","Sri Rama Rajyam","0.263982683982684"
"Adhurs","Adhurs","0.7636363636363638"
