"Lilika","I Even Met Happy Gypsies","0.26480519480519477"
"Lilika","Mujo","0.2961038961038961"
"Lilika","The Herd","0.26194805194805193"
"Lilika","Private Road","0.2692207792207792"
"Lilika","Lilika","0.7090909090909091"
"Lilika","The Illumination","0.26090909090909087"
"Lilika","Parque via","0.2909090909090909"
