"BA:BO","The President's Last Bang","0.2922222222222222"
"BA:BO","Dream","0.3142857142857143"
"BA:BO","BA:BO","0.7272727272727273"
"BA:BO","R-Point","0.2913131313131313"
"BA:BO","Canola","0.3836363636363636"
"BA:BO","The Happy Life","0.3581818181818182"
"BA:BO","Like You Know It All","0.2960606060606061"
"BA:BO","The Age of Shadows","0.28103896103896103"
"BA:BO","The Handmaiden","0.2674747474747475"
"BA:BO","A Love","0.2874025974025974"
"BA:BO","Countdown","0.2922222222222222"
"BA:BO","A Good Lawyer's Wife","0.27424242424242423"
"BA:BO","Painted Fire","0.3298989898989899"
"BA:BO","Paju","0.33848484848484844"
"BA:BO","The Concubine","0.2731313131313131"
"BA:BO","Lady Vengeance","0.27606060606060606"
"BA:BO","Don't Cry Mommy","0.2913131313131313"
"BA:BO","Untold Scandal","0.346969696969697"
"BA:BO","71: Into the Fire","0.27494949494949494"
"BA:BO","Peppermint Candy","0.27151515151515154"
"BA:BO","Day Off","0.2542424242424242"
"BA:BO","Tokyo!","0.2808080808080808"
"BA:BO","Harmony","0.32545454545454544"
"BA:BO","La Journée de la jupe","0.2606060606060606"
"BA:BO","Secret Sunshine","0.33444444444444443"
"BA:BO","Hahaha","0.29515151515151516"
"BA:BO","Oscar and the Lady in Pink","0.2596969696969697"
"BA:BO","2009: Lost Memories","0.30767676767676766"
"BA:BO","Quiet Chaos","0.27272727272727276"
"BA:BO","Breath","0.31626262626262625"
"BA:BO","Taegukgi","0.29333333333333333"
