"Aksar","Balyakalasakhi","0.26545454545454544"
"Aksar","Aksar","0.7090909090909091"
