"A Love","The President's Last Bang","0.28649350649350647"
"A Love","Canola","0.3190909090909091"
"A Love","BA:BO","0.2874025974025974"
"A Love","Partners","0.27090909090909093"
"A Love","Death Sentence","0.2519480519480519"
"A Love","Countdown","0.3106493506493506"
"A Love","A Love","0.690909090909091"
"A Love","The Age of Shadows","0.2723376623376623"
"A Love","My Father","0.2727272727272727"
"A Love","The Concubine","0.2551948051948052"
"A Love","Paju","0.276969696969697"
"A Love","Fatal Intuition","0.26545454545454544"
"A Love","Don't Cry Mommy","0.3097402597402597"
"A Love","71: Into the Fire","0.25701298701298697"
"A Love","Elite Squad","0.2519480519480519"
"A Love","The Case of Itaewon Homicide","0.28649350649350647"
"A Love","Secret Sunshine","0.2961038961038961"
"A Love","Gone Baby Gone","0.2519480519480519"
