"Trois","Crimes of Passion","0.2633766233766234"
"Trois","The Rocky Horror Picture Show","0.2519480519480519"
"Trois","Body of Evidence","0.30792207792207793"
"Trois","Poison Ivy","0.2992207792207792"
"Trois","The Hot Spot","0.2714285714285714"
"Trois","The Loft","0.3015584415584415"
"Trois","Against All Odds","0.27376623376623377"
"Trois","Antichrist","0.25415584415584414"
"Trois","Body Double","0.29194805194805196"
"Trois","Femme Fatale","0.28649350649350647"
"Trois","Angel Heart","0.30246753246753244"
"Trois","Body Heat","0.297012987012987"
"Trois","Sea of Love","0.2601298701298701"
"Trois","Dot the i","0.28558441558441555"
"Trois","Basic Instinct 2","0.3088311688311688"
"Trois","Wild Orchid","0.30428571428571427"
"Trois","Love Crimes","0.27324675324675324"
"Trois","De Sade","0.2883116883116883"
"Trois","Hexed","0.3261038961038961"
"Trois","The Girl in a Swing","0.30337662337662336"
"Trois","Guilty as Sin","0.25597402597402596"
"Trois","The Hunger","0.27285714285714285"
"Trois","The Piano Teacher","0.251038961038961"
"Trois","Sliver","0.28974025974025974"
"Trois","Bitter Moon","0.27064935064935064"
"Trois","Original Sin","0.31337662337662336"
"Trois","When the Bough Breaks","0.32571428571428573"
"Trois","The Gospel","0.32792207792207795"
"Trois","Trois","0.7454545454545455"
"Trois","Never Talk to Strangers","0.3279220779220779"
"Trois","Swimfan","0.31246753246753245"
"Trois","Whispers in the Dark","0.25506493506493505"
"Trois","Blue Velvet","0.29376623376623373"
"Trois","Trois 2: Pandora's Box","0.5358441558441559"
"Trois","Chloe","0.3061038961038961"
"Trois","Cat People","0.2979220779220779"
"Trois","Traces of Red","0.27324675324675324"
"Trois","Eyes Wide Shut","0.2951948051948052"
"Trois","Heaven's Prisoners","0.3288311688311688"
