"Leak","Peter Bell II: The Hunt For The Czar Crown","0.25181818181818183"
"Leak","De Schippers van de Kameleon","0.30636363636363634"
"Leak","Ben X","0.3390909090909091"
"Leak","Turkish Delight","0.34545454545454546"
"Leak","Eline Vere","0.3009090909090909"
"Leak","Sonny Boy","0.33999999999999997"
"Leak","Mysterious Skin","0.2509090909090909"
"Leak","Abeltje","0.3181818181818182"
"Leak","Red Lights","0.2509090909090909"
"Leak","Leak","0.7090909090909091"
"Leak","Dorp aan de Rivier","0.2909090909090909"
