"Radiance","Dear Claudia","0.34454545454545454"
"Radiance","Radiance","0.49090909090909096"
